,$Z_{A'}$,$X_2$,"$X_1, X_2$","$X_1, Z_{A'}$","$X_2, Z_A$","$X_2, Z_{A'}$","$X_1, X_2,$
$Z_A$","$X_1, X_2,$
$Z_{A'}$","$X_1, X_2,$
$Z_{A'}, Z_A$",Random
0,0.12933696900786273,0.13410263312302062,0.04245548531356658,0.04691355949022924,0.0573247726205004,0.16815944878957856,0.04606684251504012,0.04626574210399914,0.045504351534211285,0.11261498486051646
1,0.8475858504585831,0.9737540267970806,1.2905660101347207,1.2675217487736168,1.7902785442693827,0.8623135655648446,1.5905031493682498,1.2781577357685747,1.5308785957795616,0.8126993400145803
2,0.573950360452808,0.5471280810946779,0.21644796170008807,0.18714012851203554,0.2131441834433776,0.5911169536284313,0.24938954816366676,0.23734464278713352,0.25067017954154647,0.43496237454254505
3,0.07571625389213477,0.08242843170161951,0.20262637525710137,0.18924442615570758,0.33069258275379587,0.08888680771476043,0.29218253264380856,0.21621186711346185,0.24184152391950242,0.06423998161578126
4,2.939105486718913,2.902987649577394,3.6901149440976293,3.594713734642575,5.271873076936025,2.974032254485671,4.788463917762902,3.758938906199334,4.778553125460754,2.674630043553198
5,0.9100847792020259,0.8017416429852213,0.3507810124244113,0.37863810492534,0.4302748036444717,0.8457079611844849,0.37117802757700336,0.3729592424843897,0.4012296771690478,0.6256094692210281
6,0.05691988728546882,0.06498590964469209,0.12565609942530065,0.14065443867544625,0.21231764283831467,0.06533961202854899,0.20592597429410997,0.13528457724891396,0.18623261398503432,0.06482693380109428
7,0.18722406472161257,0.17721025628465892,0.056280015048313814,0.05516144186991889,0.08679309592761042,0.19124085017612424,0.06874178834050859,0.04598921133100209,0.05945701473525844,0.14344726964876475
8,0.04505711748817287,0.06168095516934624,0.11013671585114704,0.08441069518730915,0.1975331986418798,0.055247171150207386,0.19448545205952872,0.10849349563723454,0.14002298892746268,0.04457538949296236
9,0.07629294645732188,0.09221263181476225,0.1260097017682109,0.11745658964956629,0.16241959004800588,0.07080531845040472,0.15172676295702958,0.11854723925329047,0.172207228850223,0.0740031404848569
10,0.40842931276161787,0.37377213922131824,0.8390957401842556,0.749811264182688,1.119544379235235,0.37306023234067354,0.9658182303160956,0.7708977694983683,0.98970252661262,0.33702851871058215
11,0.059372821438958834,0.044173039732497976,0.1537329267492975,0.1657474236358092,0.20392686090925816,0.06156258483572685,0.21043117453212412,0.1356360523768072,0.1677810357551217,0.049571547940345795
12,0.16530037232567496,0.20793364968660466,0.3259145864962196,0.3511969006218236,0.4344967418160235,0.17104282863322018,0.33636189919698944,0.3554932697098292,0.38250456283465306,0.11312783048873865
13,0.7999591187803001,0.930362473044223,1.4111857068053277,1.3324661475702406,1.8800670378318678,0.8070499518665333,1.5701930859956308,1.4808038819797922,1.6291195982288,0.705625638224654
14,1.9083473832320892,1.8405056378950895,2.350960230307373,2.236216041638918,3.0560242599806178,1.847116751005379,2.5775465998530596,2.233960522885683,2.643321134477967,1.7485931914491761
15,1.327652889652728,1.1909080466373116,1.6973059418604857,1.7565615256643206,2.3538625892458778,1.2402874650925,2.004287693988063,1.6803697165705485,2.001188356730665,1.1000013915473463
16,0.6605492133215667,0.7096341906549029,0.2661824029127291,0.2792601540095059,1.6192115329509322,0.6626881576988062,1.3611910069956323,0.3087567502053217,1.4696653375303401,0.4862015071401524
17,2.1604203832191406,2.100832949685276,2.640838148654936,2.520794987885255,3.6722913800739954,2.124158511218841,3.112855855959796,2.6175455231188485,3.180497650216521,1.8422729212082452
18,0.35007141701511735,0.2896749772638527,0.6221543936557281,0.5659056940749556,0.8358448697663063,0.30365809331426474,0.7450508128610829,0.6123262369899884,0.7163656022898088,0.24205009595375504
19,0.10323265523404501,0.10292703759340638,0.0409014748012031,0.029170821203933883,0.35062523747350927,0.10405949629942413,0.043396939934428946,0.0390161686729491,0.04981478835794517,0.053900452314671554
20,2.5301319274975977,2.4278696466859353,3.203236787153724,3.1515239585072035,4.169556795491962,2.6183368567641017,3.574727126929396,3.1506625181448076,3.724705322230104,2.0639415378582484
21,0.4207237491658753,0.41209975656323694,0.7230994650338465,0.7145709025549483,1.041486987924424,0.46375419338877766,0.9385810513331614,0.6761294683894752,1.0350483325911601,0.3114416960049313
22,0.05684646959491779,0.05525968539306092,0.05075219022229627,0.04487428469110366,0.07443888695714529,0.053606770307741414,0.0714392862871831,0.045548191930310455,0.06218915610539533,0.06213668150125429
23,0.0464642029983513,0.052060114320994444,0.09095753709422594,0.0931093485806671,0.11979750535763811,0.041809199864072166,0.10095196047667176,0.07204209149730101,0.11500303265245826,0.04338394234085996
24,0.17841112847129947,0.17567029689988845,0.04373594531109637,0.3924150118190757,0.48485089834707473,0.1907528033261583,0.4254770347096102,0.05074334402418845,0.4224974505624979,0.14940953381322775
25,3.3879812424347278,3.5245313135948386,4.382511054221705,4.57957686550505,6.1839035373759685,3.615718658846137,6.329367300214349,4.3207618950682845,6.248905132826776,3.112041164708133
26,1.1689336960631307,1.168580477293828,1.6758220965370478,1.483053659897287,2.1406982682079336,1.1383955212964354,2.0633777150096906,1.6072537378738634,1.8869887165652717,1.0830646082138111
27,0.7746613579392858,0.8210355964410576,1.325854390261775,1.241628321440051,1.721627266797367,0.8757225707544514,1.534189533319216,1.2775155907554345,1.6471155954593613,0.5925310801403159
28,0.1365826498339362,0.12274447390905463,0.4876302998781874,0.45215386585683204,0.0646198486538867,0.1457081248746528,0.06148621801071341,0.4917993400359113,0.0667879948296286,0.12076548043743784
29,0.12409168748907895,0.09496632903143576,0.23586788720973217,0.24855563933970437,0.3719832595788488,0.11404668730727563,0.30043265188463764,0.2365934153904421,0.336096006374206,0.06454870550729819
30,0.46762256282574377,0.4362258961591605,0.7315991455827637,0.8451489779311756,1.15066667563292,0.4806384259322325,0.9135220411216975,0.9133328776136089,0.8969461724374752,0.3671476320944027
31,0.0666246524835703,0.06544832251369792,0.21198002217671297,0.20427757247587586,0.3655669548405305,0.06737662155516677,0.35623240117997934,0.23356119603728143,0.3335088250302536,0.05102405022008405
32,0.059000586828295454,0.06292968428351031,0.06997223442595768,0.06103159377065959,0.08303588638431592,0.06807071540440424,0.06839695076021846,0.07241917834480782,0.07529186496423756,0.04031244114958188
33,1.4726981852873209,1.6807635675232735,2.219893481945803,2.17679652558898,2.948209997244766,1.6083424269264208,2.75543498285541,2.225969224597093,2.7497363939805193,1.2660668921587952
34,0.19899940812636396,0.17397376721418922,0.4181862730382857,0.33985110016446907,0.549364402629279,0.22985442012152468,0.46862921505377164,0.38917046138755174,0.5008161151976656,0.19639660378118062
35,0.22979991682590084,0.2811621358010026,0.08216059710560586,0.08097190337985971,0.10929330875955401,0.3032290840878189,0.07881076243443319,0.09439418089951346,0.061881209790808356,0.18932012159195644
36,1.0811035279711163,1.1041137813693838,1.5177325339405074,1.468602197277845,1.9309627443246367,1.1626687835057679,1.8653061069090535,1.4940890934542645,1.8470214694492681,0.9918664033016453
37,0.06180906394432295,0.05886419865060244,0.10172292895549528,0.0990135599535149,0.1531194211067186,0.05794785110221223,0.12254139872038428,0.10059475697731424,0.13611847779910802,0.041466712229218494
38,0.26219258733028905,0.22917213290757354,0.43399230251094423,0.40995036774413407,0.5993957374955095,0.23012655358065848,0.4698683833097288,0.4572695083179399,0.4865104719100235,0.16499934229102564
39,0.42932968508747704,0.4203738110887212,0.8124712332829542,0.7313759448019281,1.1005860873237356,0.3854675734445996,0.831693410310721,0.7323178983421816,0.8533492940379817,0.31501246468249366
40,0.07193287163081497,0.0709021737005493,0.12696008688955152,0.1474815226996462,0.17434507224218976,0.07619994510270489,0.14609600074249673,0.1360598104539701,0.13783116527993844,0.04255074865194075
41,0.36870393954677905,0.34763940849980823,0.6003833116081889,0.5719154902214321,0.846836780760511,0.37928680236189205,0.8100401801257937,0.635077942992782,0.7620302173348938,0.3304941160006116
42,1.0519566447957263,0.9895528858623095,1.5018623861204023,1.316833052428363,2.22663559305886,1.0658149866137094,1.8649823336303273,1.5096046586480583,1.9558031879035198,0.7830460277649101
43,1.1398542601500052,1.1595303930597094,1.7052012589329504,1.5603202081811638,2.280501806366334,1.1229764157150859,2.133097580529447,1.6162651912296528,2.111834905244641,0.9249524283314239
44,0.4491868036563469,0.49225931249401045,1.0013321354087052,1.0048489340080016,1.565728705543953,0.5048013578762873,1.4172665649602214,1.0258979373707877,1.3094660644793659,0.4145638838398149
45,0.7027332840233078,0.7044526965138251,1.2609309235248016,1.1791729195537126,1.5065471062302516,0.7109369272475305,1.3615742127695922,1.1574220919789928,1.2929344952602757,0.6455565896581366
46,0.9329493475629045,0.9993186280939019,1.3534654850349321,1.3271858986939762,0.45586302892721875,1.0267049801623336,1.5150320432937385,1.3327781758665171,1.5789481222216293,0.7878240132591889
47,0.8241900103361584,0.9276522317069693,1.4081375920632713,1.3480193614102172,1.7891250662749574,0.9014239969220519,1.600784947550677,1.29951758928537,1.6973853910745618,0.662436024627655
48,0.08893328969760139,0.12120250729847726,0.2961101258734118,0.2743623501156951,0.40024538318575065,0.09118968202462474,0.3311636181166291,0.2984124140983373,0.3202574622112997,0.056558560017553106
49,1.208442345155151,1.2453209309638433,1.7660282427026575,1.6007072890051601,2.2215145472785403,1.147987600349305,2.1207367074313423,1.8111971248756902,2.112445646754813,1.0647877515016226
50,1.0658957268331024,1.0060880068498843,1.505295388887225,1.4468153505171815,2.181707494514132,1.0707786836733346,1.9684161173967172,1.5002389532544065,1.9231647312312599,0.9649153112260551
51,0.07824898143560421,0.09651909308115769,0.30870088376995675,0.24124891549137306,0.4051131034589801,0.10640772383207953,0.2910333819858133,0.2738128253106078,0.36747922170069947,0.08216256089023233
52,1.0108313745503574,1.0142269694896093,1.8413483771295818,1.7675318101177808,2.8984908506382325,0.9768996533103453,2.2354305624817976,1.7177260312221936,2.2589036928810007,0.7845026572326432
53,0.7463524931655763,0.8432944882337878,1.3643239347233305,1.3314867880046242,1.802708603078555,0.7393232470814137,1.5203759298702404,1.208904947253827,1.5727867090058378,0.6787429012622157
54,0.29328861597931555,0.31589782069187056,0.6508130042430635,0.6566395928739261,0.9014423274241423,0.26549796833205086,0.7856995802685534,0.6799028995258269,0.85784416263335,0.2559832179580397
55,0.7333600119669672,0.7606830446328776,1.1861291931562459,1.0773019943205946,1.6891802646026242,0.7371596206590914,1.565637053120723,1.1194824832398056,1.3798546969378056,0.6121243709340156
56,0.7228494622392461,0.7042402167255042,0.29470425993740434,0.22962463473016914,0.29455011206272097,0.7286063934731932,0.23898307425202603,0.27257987653441784,0.2853717613453961,0.6508659775204926
57,0.6457822778569144,0.7888677284750223,1.22495855195635,1.1754618143419426,1.7073018831211764,0.7694687971054033,1.4149870436154064,1.2028468451620782,1.4854646220426257,0.5707490978586511
58,0.6871977438400325,0.7320723991309315,1.2297460437510468,1.2164570746945502,1.6658924111262223,0.7256288407562517,1.4511332035190332,1.2062478106537204,1.5283709998213215,0.7143130464877139
59,0.3479627292740797,0.390125454940498,0.054796632957982094,0.05960681956900293,0.05972175623367715,0.3550518714117121,0.06466560963640688,0.06424220850170093,0.06619629172786601,0.3492124861963788
60,0.8008229578637125,0.8611883837816725,1.601602841395621,1.5477135541324145,2.3020620814590087,0.8454910703737011,1.9097783858063355,1.5492947575046903,1.8029071638329945,0.6886714386199486
61,0.1972963518461417,0.2038877351120698,0.4011488690589231,0.41027360111890454,0.6401847067123727,0.1773283034040909,0.5017128549584164,0.3663146860598139,0.5128378704967314,0.1416380855335424
62,0.5243042434383929,0.6632843315203845,0.9275526954845574,0.9208069554380587,1.1437233943075524,0.6063699548567905,1.1182525571743103,0.9649525447825784,1.0329378748712,0.4758758362274591
63,0.052192110328828534,0.05087985034891629,0.10232452468689779,0.14081294140685108,0.1779400244517899,0.05320573713230292,0.12123123576311423,0.10695841305050235,0.14302855100236656,0.03241103366414411
64,0.22019533882773512,0.19761447109362074,0.03928272369286123,0.034638755831998935,0.05673388470859697,0.18555601533647614,0.046084933980723,0.03392795972871454,0.03745618394343664,0.15356583981683603
65,0.09077390355182668,0.12672309582368824,0.03213302513152483,0.03759299591146581,0.057383170548171325,0.09380407465362506,0.039468541754998476,0.029642172724753557,0.033092229958629815,0.06963977374160102
66,0.1683865645476046,0.21882242424634635,0.3563903581049406,0.33263202503972034,0.4311843077921651,0.21335846416929405,0.3890388540886942,0.3219454541451956,0.3518147740435511,0.14666762637674857
67,2.4281991184600047,2.479703511795205,3.0312483979972287,2.9663578312548227,3.9791595841905427,2.488343376392507,3.652527718876545,3.170719624220978,3.6865752587110476,2.1418655602218237
68,1.137748575435924,1.1816704292330034,1.5705992849969026,1.5307547602770395,2.4486709948138117,1.1455895338623292,1.9524404263751576,1.5257719764959976,1.9385168382891917,0.9916120353766846
69,0.07406048489097472,0.08153255524409309,0.14269766023733466,0.14143172630455592,0.1290822290292155,0.07543741282849714,0.13151472734575398,0.14557678900024928,0.15720104693691184,0.049630633598729545
70,0.13115074593223053,0.14936033452642716,0.41319543572402884,0.43331330505701837,0.7320083019272223,0.13581880089625642,0.4991893018570628,0.4469217551763447,0.6063974567367647,0.19005921538210835
71,1.1993997890542811,1.2043338085482227,0.5107417239266479,0.5820886518827346,0.5868612521997694,1.2650809837397596,0.5910834471489399,0.5736167285654972,0.5072326867640227,1.048536486234184
72,0.1077615388655353,0.09815134967049,0.051373427552090956,0.06059922044258714,0.3517927688819342,0.09236968461324846,0.30567271832965526,0.053583307061359164,0.29154432055914103,0.06990522145836753
73,1.2701308587963847,1.276545608299462,2.107608802916163,1.8263633130097654,2.7387824119415143,1.3366969827618336,2.430898168492538,2.0765067131724178,2.4774518347623564,1.1059148946218116
74,3.807201412823214,3.732312706533665,4.555467445124021,4.1958194445849255,7.055900224164817,3.8388670808920233,6.125176039512359,4.509077381432951,6.199077528007594,3.4389330649344405
75,0.20017902760435602,0.21747342535188352,0.05277378852539272,0.04735920850781117,0.06907488384231719,0.23940441377323918,0.050366014529427794,0.06576276199712794,0.05470134812420291,0.17196850453658552
76,1.5217447375990734,1.718361495874607,2.254532447567147,2.108051317437445,3.1446055024791875,1.6281427615698907,2.677383904548701,2.2757070136989803,2.5659929332263953,1.289724196034161
77,0.729987844422511,0.6982683097285061,1.3723462889687297,1.4747609049244415,1.97727001929854,0.7072089292592931,1.5868506667551712,1.3899849386909282,1.7395562988242395,0.5225951264585262
78,0.48150825344226567,0.5214549333459231,0.10687334130011195,0.11724016106842594,0.9369566069841726,0.4821943307072605,0.13209546873492606,0.1598137985639303,0.1215323549710483,0.41526836359786934
79,0.6339789682567369,0.6936917089219445,1.154644020817364,1.1162357640436915,1.5358131492450893,0.599512567601109,1.295652528367305,1.0990154393305671,1.3406219449717023,0.6264290074215637
80,0.8440195458239903,0.9364456561002106,1.6545424909776179,1.4802553638443463,2.6822041303691657,0.8130580860109871,2.041295299570441,1.6143891973487028,2.2544828695510777,0.7298116390187648
81,0.21880863415011964,0.20485451694871992,0.05353473006693443,0.05939404964302364,0.0864931350363447,0.19464562387407858,0.06737329966551764,0.04881297552634978,0.07093293816630108,0.15879451063192462
82,3.161012818995144,3.1610061056367984,4.501865406736295,4.197335282348064,5.484763226726703,3.1157372973273296,5.078749647714238,4.530585259030978,5.249691859771593,2.7663682049064864
83,0.5050975048331354,0.5531783152527923,0.207963285158284,0.2239127908343579,0.22607893635205212,0.534172852948319,0.17733450395924955,0.20560111232627776,0.2838591735094016,0.41251804969424377
84,0.11963542659254767,0.12803990843447366,0.21741319354114896,0.25748978552792323,0.2748094306074873,0.11972912080607134,0.2484936432822229,0.24174101549073912,0.30881930717383455,0.09148188500630194
85,0.08663007954972946,0.08004463387976779,0.3601930380493208,0.3895975429059346,0.5601287002459125,0.08106936857023372,0.3377744184648779,0.32256413802940465,0.42145512665206564,0.06533140311386454
86,1.527769298597439,1.5989662337263146,2.36928010748594,2.2517152254958157,3.2081676449701377,1.6040591024687751,2.644186054475046,2.2735783664089526,2.6660271533195172,1.2614310185455508
87,0.0799581630827646,0.11016690758775205,0.06719088020973851,0.06800154035898176,0.13546718771094035,0.10800180773429569,0.09774934729834417,0.0856354995148525,0.1017699237555405,0.06298932653427602
88,1.5462646498120876,1.54442604935093,2.3236816885904314,2.122777471819459,3.3104188283641847,1.6091995844333224,3.1341933959256574,2.3133446582090214,2.956965332759677,1.378266241964715
89,0.20558272629310226,0.24910198941408446,0.4359198069795105,0.43595014138605315,0.5191037060964843,0.2678159166034755,0.46827193788401456,0.42373701810218023,0.4990581693670215,0.23068187115146088
90,0.8881460667287815,0.8626581883782141,1.3765247333942119,1.3614586834892437,2.0370393316162483,0.8798251521501617,1.6445600215581124,1.309444107958861,1.6040354946311188,0.765475633450813
91,0.060844250338855765,0.08686674346119849,0.08415892768739663,0.06496787460667708,0.13905795189595427,0.08238123923325213,0.09643878337640377,0.07340514374905105,0.10847175597135994,0.06895452245028988
92,0.37968270023757444,0.35074473012565965,0.6983429277034983,0.5605639905233026,0.8692430232742971,0.256069422447041,0.7550488905867874,0.6204831046796446,0.7926492151498108,0.22536182526689608
93,4.465510904440419,4.627429178555959,5.509612565491807,5.575849436122775,8.130128306043845,4.533460090622656,7.888508580372918,5.562793479056088,7.960222890575167,3.7718806054294856
94,1.5030339893536029,1.4692493763779657,0.650162750752008,0.6069208920111029,0.7877848177463891,1.4846650341936654,0.7654936296367656,0.7353317106070398,0.7477778691587957,1.2589182207860086
95,0.8046766426670686,0.8579526442395027,0.28771465362118587,0.2985440371798638,0.29807092777845634,0.7438270251751593,0.3068532722246373,0.27079705161216205,0.2993381865946141,0.6271964199292519
96,0.13872141261161852,0.16888412493674165,0.42647791447601113,0.40838395284386886,0.641950708527395,0.17271163955935975,0.5233661017368543,0.4391496058961639,0.6060155985430162,0.16377204320617622
97,0.685441083772079,0.6695147701694184,0.2824701715565192,0.2422569034543267,0.2889381369585169,0.713463016196966,0.26976086999854765,0.22683050952962525,0.2630948817870915,0.5208578172814846
98,0.1114634068948197,0.10376422196258295,0.272681017086013,0.2001517461858997,0.28903697886355895,0.1065855419797348,0.24503059280565553,0.24227279275999702,0.261540386410267,0.07334836362029495
99,0.477092062577372,0.5062838992615002,0.8120587760643598,0.8424132350784972,1.1762371655048138,0.44668697642642297,0.9782680247882354,0.8928536203569002,1.0370136315136094,0.4049574239997433
100,0.11996714645501161,0.09314302464459967,0.06196753396233845,0.21977721219978186,0.11457388831826032,0.10065721782816794,0.08277165509126405,0.06483381068049399,0.07485855643606554,0.09179803376339457
101,1.291285224061821,1.3341704944332116,0.6051397910470073,0.578918948443139,0.6546896888739502,1.3311515003647942,0.5834710030815566,0.5960847250321106,0.5934331320098498,1.033890911168272
102,0.6924354358962805,0.7052543057189293,1.0242938052614838,0.9062566117831539,1.28411150583967,0.7103010462505854,1.1767635733797994,0.9561565317946297,1.2141462730245824,0.5566089205847486
103,0.41958936511952105,0.4207097293799329,0.07583526842082433,0.06271753384979384,0.10593202147899072,0.4128006514621849,0.0866005296881669,0.10646169820293316,0.0957182121382254,0.37642079757375857
104,0.27315442292729397,0.257090902728506,0.07549826794845593,0.07265031665325505,0.08599483120151996,0.2288077322804991,0.07613204851426891,0.07346199109008822,0.06514297888951237,0.21152180515263375
105,0.524172525808634,0.4433467727417635,0.9017742756460043,0.8299373908872125,1.296640719613618,0.5136830017599365,1.187872194351109,0.9478215778494343,1.1722947126411514,0.40696680307548583
106,0.07432069849188627,0.0742243484078835,0.16671511014392237,0.16907600430121272,0.19048258061059276,0.06904489645260004,0.1875298298063699,0.15520902454843233,0.21810503040212303,0.07341713590546473
107,0.059578812285856486,0.0694289418004308,0.051956276990321015,0.19032931721505753,0.0974629531425637,0.06170079592211186,0.07674149585857082,0.07399963564232737,0.08083166737623104,0.057257915444576035
108,0.07245710149911355,0.07608430541476219,0.16515314884007548,0.17583728425822098,0.30588682841091774,0.06900064916592008,0.2693153631870171,0.16861912952390012,0.25311857743867616,0.046052944036514276
109,0.9208065826532366,0.9344543750340097,1.361111155736868,1.400412939460757,2.0499445316004454,0.8847345169468435,1.8270881882508032,1.400259388634106,1.7708554088481723,0.7472948742181105
110,0.12040007954202192,0.16887930008378005,0.04867721928830937,0.2887384000661255,0.06691350540695096,0.11875933702063879,0.07263491765474628,0.04551868525908542,0.07191627592069638,0.08951619318252657
111,0.07127503635866272,0.0893943601138174,0.29145273007898176,0.3036037354628003,0.4202273888503525,0.09768823223435064,0.37227360554541367,0.27543768695149584,0.36208626100084684,0.0640271307992526
112,0.22187705331159435,0.25950384662080817,0.038500722368783435,0.038981064983368174,0.05091755408673393,0.2539006039716183,0.04423232622942219,0.04119032314052351,0.05296182323512033,0.18569625934556733
113,0.06220196819967283,0.06110621014764561,0.11442962861213823,0.12222736543764956,0.1394477562022991,0.05210450873997452,0.13284843506151933,0.10585387003499669,0.10647118243039433,0.04597513394747654
114,0.32852792420622556,0.3463293052356313,0.12214087722046463,0.10029684550220708,0.12550492542444225,0.32281565993616645,0.10336596950106403,0.13450393650012726,0.12820227385403848,0.27871664550474406
115,0.13662693953176186,0.12424920895059888,0.052755500664536825,0.043638178166256925,0.730273980004454,0.12040673474183627,0.5880910437450169,0.0466711433793594,0.6044286166573598,0.09070308904524538
116,0.528222528183703,0.5552920871429978,1.1583997737858032,1.2015338034802823,1.843044398562418,0.6361103789357068,1.6136285344503505,1.1449658433342504,1.6132259522823125,0.44506736594635754
117,1.1708064892401246,1.240772425635364,1.8033420508116587,1.6295707979282228,2.3085290771509253,1.1771289435709962,2.2606936822318056,1.6924813898556383,2.1035678070389756,1.026753279314672
118,0.056877476709992436,0.053234675513136764,0.06993160677393906,0.08488431019315579,0.14588035076158068,0.05941622273783942,0.1236594176671959,0.09253338806639633,0.10291204729877634,0.04743242163799266
119,0.6787124144014278,0.645222114844624,0.9733319274487653,1.0712442053562445,1.285948616516153,0.6680226203401185,1.1718229978429098,1.007855490925491,1.2266964972127483,0.610696531767009
120,0.09194529113112804,0.07338401767306113,0.06221925110053217,0.06375019842304841,0.0845711560317226,0.06060393512044193,0.07017745967056177,0.04249979678034821,0.07778469683334288,0.07969213997335256
121,0.40845750072748066,0.4350082584929331,0.7694048809849523,0.7432318689919644,1.1100377588622612,0.41141794162185796,0.9651987082036757,0.7447682884020859,0.8732124556839067,0.36325645479455204
122,0.19450828631689143,0.29188292384145686,0.49718527656885714,0.4365951945396618,0.6513893517496694,0.2049508665869446,0.5798411817677782,0.4482350089787852,0.5627583635340851,0.16271544799417903
123,0.5241268052284123,0.5341423839411505,0.77984569284517,0.7305691789762188,1.0042301795659894,0.5345608203087124,0.8432957419408043,0.8738836012533868,0.9523591434561398,0.4006467251966601
124,0.050230219141358834,0.05414928772128924,0.11369928477209035,0.11514726456534596,0.18051120108422625,0.06029829457370006,0.14207266518150208,0.1130347191588208,0.1670947235568021,0.04429364994989804
125,0.0649081080125482,0.05743650720658211,0.15141880258724205,0.1459312245038089,0.29510634336593355,0.07229004400359695,0.22428407091116664,0.1704238510390188,0.24902871996046283,0.06084834258367344
126,0.508363338132495,0.4940500116815607,0.8321527885821141,0.8385691784137141,1.4434936226300055,0.4891121764269659,1.2140044836573178,0.8585786864986265,1.2458573796874006,0.43175657958694114
127,1.8165167880043107,1.944835952900569,2.5452716410655807,2.437631817082334,3.3491237211053724,2.0050302211340574,3.101180014904444,2.5872160736715655,2.990313419957797,1.5827186746469568
128,0.4678220304337968,0.46102299618181686,1.0637360872366628,1.0579764583740872,1.6299865250000538,0.469042450811636,1.3901386785742815,1.2159622828466663,1.4274608364188786,0.42262510083907223
129,0.574743835918198,0.5550433931769088,0.9556487780344423,0.9203630478263469,1.1121658237339247,0.6539875817301524,1.0641962229160913,1.0302238791761362,1.1111827038253645,0.5170165467299128
130,0.0493520968097374,0.059971570881188985,0.10631255995337696,0.11686048225280032,0.1429768963605551,0.05300842778411097,0.11452246056208137,0.0963186963105982,0.12591678869804745,0.0485968658195306
131,0.4251350188332168,0.4347235846056132,1.025030179635381,0.8889355295988182,1.49695621877785,0.41523662005028505,1.1775069137412633,1.0882318354372509,1.2349494348652206,0.3592073357195682
132,1.8702100351649467,1.8709139232362988,2.491400275598651,2.5217266776144385,3.3127671145039708,1.772475604837794,3.2150656299181213,2.4300398977916746,3.1181489870196666,1.5563761734065977
133,0.40552737685014906,0.3905372548153876,0.7503759999536554,0.6690649435797074,0.8557432247358419,0.37205699089264144,0.8209406283774308,0.7157234111892379,0.7749165875727275,0.3596132742765459
134,0.4320778075715852,0.4064264489077911,0.9587799121118143,0.9379254331406748,1.6397802000436048,0.4329046125895468,1.3841451293724978,1.024362144777471,1.1488976257286083,0.30035801482130164
135,0.38643959083391044,0.3786206745059193,0.11250846022377825,0.6105939387390897,0.12190471004859971,0.37452465639332244,0.12463704966389466,0.11477947796570076,0.11573777345571479,0.3071516183233953
136,1.4333417850710783,1.5123508716271825,1.8313472662164711,1.8075740307662809,2.602235667367708,1.495169407999021,2.2617750455708694,1.9474795642987903,2.234872006686317,1.3477349984436549
137,1.2362516039152762,1.1782964214554088,0.5907244944042853,0.5655481525562558,0.650739210946166,1.1916255212555598,0.6016398783168793,0.661929244605254,0.6136748010934241,1.0839114956146787
138,1.0961019431250696,1.131792385150118,1.3570442105764706,1.4120308799817085,0.4681456536928037,1.0875776202161154,0.42861367737123324,1.468146200962844,0.43664961194277785,0.8852267838550931
139,1.853109023107923,2.0476178239765463,2.4279289998740445,2.462707906014752,3.3832399693661275,2.006504741856932,2.9627234232895696,2.474628060282872,3.0391234207942937,1.615677428668663
140,0.7889030813944125,0.7050324968162487,1.1256798873789924,1.0136727042783789,1.7066094788096544,0.7436731271017694,1.3725455117417704,1.1962192032337864,1.4727254519516677,0.6239012399518931
141,0.37088706878000766,0.33413273362699725,0.6252097987444785,0.6626122429989993,0.7376829459507208,0.3538397902510755,0.6796680166806146,0.7184879250851886,0.712146342366494,0.28224586907681637
142,0.7109110394507745,0.7018678812878081,0.24980016104962965,0.9216628908204174,0.2406110064385909,0.7067247724338768,0.22968109618652788,0.24555133933254947,0.22290008226616376,0.5247908001929993
143,0.07485997431306401,0.07670399262279126,0.08587622429378339,0.057406634103108534,0.08429909367097732,0.08508248825958109,0.07508119560743909,0.04381410650407158,0.08597210110720344,0.06680251786244984
144,0.886423727240456,0.8655762990333402,1.2080935597157487,1.1953809838573406,1.6449045163455298,0.817868805897652,1.5503266675085587,1.3547897776380498,1.454228495409652,0.7595337867240559
145,0.8475739925511236,0.896115239711222,0.2617348661879362,0.2563663586777243,1.6117295295291623,0.8083078681946767,1.3353590029845979,0.29090690853722956,1.4722420253249249,0.7239494242778655
146,0.14495583764945819,0.11476650685968659,0.247387062850279,0.3008871329989864,0.3844642002937091,0.1262689295294397,0.3776509477459489,0.31578172074773025,0.3595570152880536,0.11445420718480737
147,0.1521215675887122,0.14635676751037563,0.3940491581873129,0.33875930978494306,0.5366072173669778,0.14897072883414397,0.46132625043621367,0.33805065685435665,0.44750348244762694,0.1671909825573552
148,2.4928417877311704,2.582982766473234,3.204048582441109,2.799565837516081,4.568706894531704,2.651989598263499,4.1782707574828155,3.2323855368360466,4.0761708676924755,2.262828124004585
149,0.082134747743134,0.06917738992546685,0.2126120527457629,0.20665873781205013,0.2745042595009224,0.07524309845639499,0.24172703708512033,0.20343411339797068,0.220487522676577,0.07861868611370326
150,0.3450639959779549,0.27968651748878415,0.5740635795829103,0.5599253599354634,0.8254553492241943,0.2867549068538562,0.7047339349240946,0.5827250718707759,0.6779125827985601,0.21170588508061972
151,0.06606252835210524,0.06441759675594616,0.17723813962371837,0.14367229134079196,0.25576399171220077,0.07211024740228034,0.19534490149755968,0.15772057884564372,0.22947861958194427,0.05089673028342645
152,1.481296650193126,1.3797764625016251,2.1391599061832847,1.9989558599361974,2.8560096589922077,1.4633433777298293,2.516452364872969,2.0760401918615714,2.5959296252282815,1.0652336435160832
153,0.5224483174798014,0.5366580218803745,0.8855577748748495,0.8908896527652872,1.1958996180563268,0.5183886676132685,1.0215732220713898,0.889570701414589,1.0028734708219487,0.4424502152661285
154,0.17623362396436315,0.1674294171341737,0.33499206410970483,0.34765395487183337,0.42260364987302923,0.18216910546669673,0.3744990324733779,0.3462616987186622,0.43160433240728446,0.14920167509570614
155,0.4583015222386946,0.5107233984983344,0.1680698137305039,0.16929626325153802,0.15052614467650294,0.5218415356571691,0.15651597120998906,0.16390683384560933,0.16542577056187557,0.36451989664554496
156,0.6901012172297687,0.7100747118270423,1.1485968938040614,1.1808247606098194,1.4919312828464388,0.745445791452557,1.4354256252522304,1.1218578319709946,1.471871780483772,0.5192744241116998
157,0.04899254980469214,0.05579258205359183,0.1234679254361275,0.13828327374449634,0.16441458573939638,0.05194196654471206,0.13724744860021332,0.13054870573418764,0.15670486748760792,0.0698321293441122
158,0.06923581926463873,0.0748155994486468,0.13146953227358837,0.13262224237279963,0.20765645773739427,0.0793408311980972,0.19865703563985138,0.15983066054231587,0.1484392921573412,0.04997558941126545
159,0.18520718785440504,0.20333126919716982,0.05034109619276572,0.06034478909027241,0.4378362350705052,0.16564139047968407,0.056515593104152106,0.046881261301911614,0.05731331351812896,0.19352627589799987
160,0.18882344891686342,0.2109302915504685,0.4153663276130817,0.49257563089636536,0.6913352267403945,0.22627313795950066,0.5633671914384468,0.43122741209814386,0.6413483142875318,0.1500067699160077
161,0.11114962841109488,0.12053537780159695,0.05854638273764001,0.05252625106535902,0.3178375247263552,0.12135126393607854,0.0755323157549741,0.05703570133407965,0.08576036021410438,0.10599905647049912
162,0.23950720048226337,0.22170136573745935,0.5760165009601574,0.5010526211404969,0.7329129036407744,0.2255928930545985,0.5471629561298412,0.5313269503227849,0.6631893408537737,0.18375716438031464
163,0.18247966274814376,0.22555914411964872,0.06258272508392881,0.07700194813717642,0.07098535033959186,0.231779557389852,0.05628848785340379,0.061314347156192994,0.07658864620312,0.18964138434667266
164,0.15251380986163587,0.1559250673186625,0.39116680929463676,0.37397255297458765,0.8639928730136281,0.12799091917731742,0.6141710704727448,0.4103228840097879,0.6290395532637163,0.11324553081910516
165,0.09165254745286333,0.10865590823803561,0.09704737263546726,0.08151057240329651,0.13886424220507143,0.08373222452605633,0.09750114232597484,0.09465319254049254,0.12379389819465203,0.06630906335749831
166,0.05221000510423712,0.06605565088341869,0.18511743911636502,0.14408966161167447,0.24596088569717267,0.06031125284158012,0.21787533812762128,0.17413009677371916,0.19108092654838238,0.06102614532824813
167,0.3919091401169976,0.32461279705588186,0.079169725505154,0.075613419444299,0.787019931443024,0.3830414432725635,0.702773592926488,0.08936927471067868,0.7165143797556848,0.23444935938988376
168,0.3180883043339269,0.2873341362312525,0.03844878434268617,0.04520008682336707,0.05297757792301683,0.2673085349133104,0.041127964388235405,0.0493303586959728,0.04463594707084617,0.23150262929220666
169,0.08589221194050412,0.0647788020951734,0.07990840755863626,0.07241031495192995,0.08975022762824292,0.07151327662786056,0.09573210587066505,0.07474649934854849,0.08987155324241813,0.061368675436461295
170,1.633552896932029,1.608559761601816,0.8151039587520899,0.8635248057934346,0.8112262011563152,1.6897114269292115,0.8501837514218451,0.8331603786162098,0.9168223143038676,1.296599480745078
171,1.1383862339925543,1.2519636693522438,1.93092967491121,1.5344235459711597,2.402637624511158,1.2247271360327598,2.1910180178512504,1.9014503159774163,2.1185454345913772,0.9690018458300251
172,0.12179962926664123,0.10921592519518519,0.2903377464472121,0.28433244776111755,0.37569481209276256,0.1397131524105366,0.2809640455622384,0.22534648499500465,0.30371958318130865,0.12484543828926231
173,0.10037140299041525,0.10090739704340779,0.07019646124077639,0.08044192507911108,0.14117508416166125,0.1051368441420637,0.09315970507175386,0.08085803877762876,0.09210789487827897,0.06127726501022934
174,0.3313227333555657,0.39266464007075186,0.12146744080413852,0.07089047183223851,0.8077550096147217,0.4020760211193455,0.09652971021155832,0.10712096258729353,0.09075564843353856,0.32844780715754496
175,0.8875807300579135,0.9106551083094998,1.2978124295513527,1.2459297886812495,1.6772473055746984,0.9378754131289435,1.4891620615754126,1.3156922594008296,1.4657318138875617,0.8670016941619991
176,0.10119723042142548,0.12481574637142767,0.42766288070817327,0.42484177253615973,0.6353662757251519,0.14903800920907617,0.5304662719215707,0.43138797719574207,0.4946996032689128,0.10658453042960137
177,0.5369732298718599,0.5485674228927175,0.9733255047303908,0.9219889357116431,1.42881437742547,0.6224272799719457,1.1672112348576231,1.0816007631577493,1.1089446384835773,0.5011664470897479
178,0.9196596979137261,0.8864886649345429,1.3875303604776001,1.4457855747309267,1.962495340284427,0.8826677149898261,1.7799494465518366,1.483365480080486,1.80576179999805,0.8189410347184554
179,0.3829418065458916,0.36914454016825715,0.6296910263581532,0.5903572433649154,0.7471682088179654,0.4326305700855766,0.6859811165838217,0.6070110248807365,0.7562837811310645,0.2996126078761234
180,0.4925598501804087,0.4464537186755009,0.16686208330379682,0.17447450381078777,0.18198654257059044,0.4519418974688727,0.14494992179764132,0.1487165929047034,0.16540549516311964,0.33627927635451993
181,0.08363613759625865,0.08882211761374448,0.15148670284141819,0.17638627278142094,0.11687607526925659,0.07463517547927445,0.21064746628958053,0.2020874073319927,0.2143248669842004,0.07129086182303812
182,1.3616797112156056,1.3953185694563919,0.8573979073247662,0.8425131430511978,0.8081138710240312,1.4069587110799997,0.8180273921256775,0.8294401919464907,0.8561403952711109,1.2652458958729458
183,0.3613352209826277,0.366225971538658,0.5880797073610013,0.5616876386963434,0.9094432480982553,0.32379264601659097,0.7229608549053061,0.6254337977752908,0.7275494804181499,0.30255629313681887
184,0.5002921647020551,0.5242330371655686,0.1710314630353098,0.13335819006426286,0.16411225651119388,0.5596768409352331,0.1516642200706957,0.15749597273201266,0.1386727791675737,0.41777311396746963
185,0.12826838457193546,0.10793608661959464,0.06628446799934773,0.0523548786563679,0.11302772455443932,0.11373288411895466,0.1064633576498979,0.05510794730132895,0.08164109228969973,0.08205156691584836
186,0.14560070427135852,0.17633642644335534,0.610012589965355,0.5090302605383736,0.8828359181126588,0.18558732757575225,0.6859883300296614,0.6102877078667364,0.7857996666786948,0.09631385376231627
187,0.1250783381168752,0.12100808183599465,0.3349381570935748,0.35498081806700155,0.5085230990303264,0.11625786441050945,0.38587838621564385,0.3817602936848856,0.4470645421802599,0.07167357355861803
188,0.19029362614257384,0.1844569371380076,0.038940446394667205,0.032080341080023445,0.051962383470479434,0.2336209780708116,0.039825814606249565,0.03257574488746018,0.04448441992736374,0.15556256660952883
189,0.06313630987979213,0.05470086668367946,0.05608268584094356,0.060115578370568024,0.10289827305662103,0.051845153975581315,0.0916789728645031,0.060948215527979244,0.07236547292688522,0.03503417986659407
190,0.30152626546962935,0.28799775213143564,0.7701661481904716,0.7057542371113374,1.1590095036727455,0.31263333405560045,1.0437679362576398,0.7340033605487988,1.043760652669842,0.19228896480454427
191,0.9795152339569473,1.060067011123655,1.4509759317362958,1.4147113852016946,1.965930227711405,0.9944860668559916,1.7179359327045862,1.5227963382823138,1.720756750081383,0.8439871409138293
192,0.15230672851104954,0.13713029610846394,0.04664303447630047,0.06472441525057437,0.08112593219226749,0.1312343618081644,0.048631153129280236,0.04791638217884131,0.06791712147904327,0.14561558037924627
193,0.973578269177445,1.0555991624707248,1.4281457190381457,1.27390529577168,1.727834597028052,1.028272287405918,1.7456496470171983,1.3816866198883409,1.5907609049812876,0.8306767652818516
194,0.2637842748301078,0.23501603172868402,0.03928223918136542,0.028149508312955707,0.043920371622994114,0.2224338353939177,0.04416465515287271,0.03832963973814785,0.04209271369487855,0.18663551157150504
195,0.32297811869788573,0.32293651140945334,0.1158774102849498,0.11424218446029677,0.11867032492745455,0.3719226035212788,0.10819146092371579,0.10440727788481308,0.1349500327446269,0.254346696168426
196,0.5499654390867841,0.5773662099380705,0.9789546924569197,0.9713512440676575,1.4662941825746678,0.620201578442237,1.2583799557636133,0.9937071145979917,1.3505901594506846,0.5150103059067153
197,0.11566313105613801,0.12768561435556913,0.2730873889244214,0.2213101221767495,0.09482752186925136,0.13701349385367578,0.09018604482738901,0.255625986685847,0.09561568540251342,0.07891957162856489
198,2.249149537246231,2.303220437155038,3.054245706560975,3.0642759947024185,4.292912404113498,2.351457055108302,3.78250901161842,2.853623471470199,3.668625531304632,1.9699456483747815
199,0.1754366815424273,0.1578478211499661,0.3844837847474576,0.32711557327948304,0.44580185629863056,0.17700450716984717,0.43587539397075403,0.3734827043271989,0.43670955333215167,0.19046356215071558
200,0.17493114735513293,0.15521593463227212,0.053983108075251085,0.04876767687842287,0.5200391231758599,0.1450379911329076,0.39718419396834737,0.05576022855704288,0.059056740978369326,0.1355978350560374
201,1.2197938214560295,1.427450081885135,2.076391582946528,1.8478407934479586,2.7898521793660427,1.3712932074321054,2.5785840651486067,2.02951512711084,2.4125456253504183,1.2606142728819396
202,0.06839631854955552,0.07067172454629267,0.13182525324981764,0.13103758991606052,0.23825516324852591,0.07179831068436471,0.1913245370302028,0.15021597788674068,0.17279468332918446,0.0981374163922144
203,0.09029902714991911,0.08593167935598167,0.21110481520344937,0.24308495416779063,0.3939860271180349,0.08953826621593697,0.295278198571304,0.26644764775080976,0.3668227526112591,0.11216745748106938
204,0.17845587498953464,0.19790225131800998,0.4073366583074365,0.04438092586345821,0.5224166226599376,0.22981371039566367,0.4117601730891014,0.4253669407742535,0.44268258197740495,0.17501917158971914
205,0.390443470756229,0.4103020272907938,0.8085867228149275,0.6735032973810284,1.0758649531124216,0.336759685313043,0.8895353716577188,0.7459178937015021,0.891028281664866,0.2752483293600063
206,1.6450640570107016,1.715965498637419,2.843700727054851,2.860551924784853,4.048297551513315,1.8395611491548056,3.7038081584625306,2.8225702513381616,3.432030760915487,1.3991790678760267
207,1.0150849945332014,0.9941441339084207,1.5178028309273786,1.550246601716327,1.8713007031819129,0.9600598705250314,1.6752306565901915,1.4352419452584853,1.6543186581278175,0.8167939770889632
208,0.8229338776297963,0.8231097980174269,0.40444450462344816,0.37763559514642697,0.37027403925472235,0.7587277807283304,0.3280665569877841,0.3868889164181706,0.34136484843541126,0.8154342533177417
209,0.5830831436411819,0.7133493142321963,0.9960364895498639,1.0496895477095114,1.2128185218968497,0.6109281834735372,1.0661748778193179,0.9929711684835176,1.0901321272928444,0.5286458752667631
210,2.862440893127504,2.6582039554411265,4.061465697797621,3.900769640506524,5.195358165219552,2.874527268370577,4.617168776597815,4.1955149476700075,4.538459782462638,2.4227976365011266
211,1.2834231074953042,1.255344045652604,1.9821625656120885,0.6833430322969756,3.0122627741262633,1.288211059751442,2.433576419299756,2.080698995104122,2.409948016602147,1.1574891199116442
212,0.28616434488880715,0.2622080073081259,0.4887066358361931,0.5585999116253841,0.6442646492260069,0.35392198238987405,0.6235168189662952,0.508411153693376,0.5612618513988785,0.2242267853775166
213,0.04938656775229955,0.06629471832921396,0.11137455137089569,0.10275423518180293,0.13290376484653477,0.05866143207308827,0.1194513600978615,0.10498825672954704,0.13446597115926284,0.05925033248609868
214,0.47771511711419645,0.443104114661097,0.7757897329025063,0.6788751382364331,0.9897276953254224,0.4809215963031299,0.8247280083399526,0.6668979257169001,0.8986393655426093,0.3751289556822446
215,0.2651633821900772,0.26193764947610365,0.5606499109242069,0.48747438517107744,0.8082298906915022,0.30657921587337,0.7274368100265285,0.558731698779229,0.6643414839146509,0.1963121694693113
216,0.5778442528718926,0.5475469184621136,0.8324419094048379,0.8921067414433699,1.2028130837829742,0.6073608830325403,0.9692960917122786,1.0192737039350455,1.0859237330724048,0.6142671051408852
217,1.030704715871634,1.0516638173168817,0.37937516436115093,0.3574680339159153,0.4363713590851077,1.0719785131721316,0.38552523333074706,0.4191846884725767,0.41702977092250126,0.8218380963520726
218,0.09437316415514241,0.10090861343583679,0.27688789175145345,0.3262521170963715,0.3875719529377464,0.09866684739411768,0.3057948387114271,0.30355168930764576,0.32848403800164405,0.10306306778487695
219,0.21894731324899563,0.20408360360463051,0.4725913169171987,0.3990601935780984,0.680725655105709,0.17402169581515858,0.5127559650502072,0.3983958011315396,0.4580073267392444,0.14425498211394583
220,0.05068488509075886,0.05168175939827746,0.13324812962506183,0.1280028241196356,0.20373392664525314,0.06038973017596305,0.18682719580130147,0.10280980893351455,0.15420453120638644,0.040629930607019915
221,0.08830834011650524,0.08449631125538781,0.040165451406341646,0.04265914328941145,0.05753068710854459,0.10298047890437934,0.04639793732714104,0.04719964105466801,0.052371084024910974,0.0900352871974146
222,1.5928652777607537,1.6126937942092052,2.086229330731081,2.0016886833717087,2.5968804535476,1.5698555334815936,2.3775367649249723,2.174549718024568,2.2611709518408696,1.4473293199892527
223,0.42659835506124066,0.35011050238153407,0.6103539871586268,0.10913469599252945,0.1297121593096886,0.3425038035306214,0.11001934170373762,0.5774767381206383,0.13942335165399777,0.35344393589039136
224,0.22264185201070497,0.21302448721667533,0.4261359269698439,0.3658056433179828,0.47616068910246057,0.23086934828948769,0.44654257560625776,0.40720618213754145,0.4419606644495335,0.16053548707645682
225,0.16032576649287789,0.14366838644970548,0.05247869382932491,0.4900470924662925,0.06091863644503803,0.163213705881033,0.06472518004790118,0.06052442018817894,0.06886863775714058,0.14166650633345412
226,1.27116452652933,1.2385778782903651,1.7491544887432706,1.7939480216171901,2.61676087010571,1.3376716881080113,2.1115386559246048,1.738297454930017,2.2285352813775767,1.1373349124835315
227,0.4812829156591576,0.44786819983112736,0.7578076400744433,0.7178159397299257,1.1447700170699844,0.433500450915127,1.0266538461385757,0.745586893839862,0.9933597160294347,0.37858297085519244
228,0.060238828433225144,0.05113209435759147,0.09148979489220865,0.10462835983477481,0.16151765668941165,0.06185685104407934,0.10352311764553068,0.09026877439696213,0.10647090362439249,0.05691292544187476
229,0.6095392844710568,0.6074253085914725,0.2271644128751431,0.23784388793364508,0.2261519609760989,0.5011523328515359,0.20059445176346813,0.2688322983939404,0.20951062671040432,0.4592914766958751
230,0.10719022954840174,0.11428509743496562,0.2391368055991201,0.21885143944569752,0.2681832127673971,0.14421899679203332,0.28538962240457755,0.22030719826808776,0.22342363211783134,0.08157554911127463
231,0.07847525810210021,0.08690498659306245,0.2207337324082257,0.21668381267690684,0.36211594137317826,0.0825817974897185,0.30659367529010684,0.2623581439965115,0.29376068670413424,0.06258563061793954
232,0.06524096104820032,0.058214575609323305,0.19111424338256322,0.1445208397246378,0.20581552624676425,0.06682759889787171,0.2217318826829926,0.13654645164500945,0.16853220319549145,0.046106151057995426
233,0.20138149423984864,0.21663648776670685,0.4526269603566644,0.41984881674089847,0.06232074468016391,0.16830741289096984,0.526728265401406,0.4132212771959578,0.5196046029467056,0.1513641160423722
234,0.08905447041914805,0.07067513097400013,0.16357568662129873,0.16066034481126357,0.21573236295173892,0.0677130874294285,0.2062131170043413,0.18939648101654072,0.22026145300518474,0.06115217915191007
235,1.6013291865180985,1.5406752032206508,2.277258786885056,2.031233212278156,2.7155474258063563,1.5651197488728306,2.545480820412341,2.1882089820759965,2.4485918778986253,1.3411435539266305
236,0.06728804436008184,0.08451915587993541,0.31928715522181195,0.3086974028528746,0.5214986320243007,0.07607985395909456,0.39966825739583767,0.27827539116053357,0.4114343632178068,0.07451905857289454
237,0.4434956597417452,0.40247280902923155,0.647729903082991,0.0929290132431122,0.8211290403863014,0.4101877553404134,0.7717480502166398,0.6456701038236474,0.8014923114513723,0.33708199207112877
238,0.7807222964077045,0.7550668221910954,1.0804892053782789,0.975947740108456,1.4694903960659804,0.8604364874835895,1.2484741469688987,1.0417019747684955,1.25499104410446,0.6494983150193763
239,1.8813295349733137,1.9106133417008246,2.9103908553086133,2.72842799517671,3.761626413775139,1.9962011191038211,3.5101301285809754,3.110357194895631,3.2926484406075502,1.6317239661938672
240,0.07288816845241408,0.06441735853347197,0.07415699652367369,0.07254564155891385,0.2617657648830498,0.05930759842131028,0.08793221100240478,0.08674398424990848,0.09436226914594581,0.06432615646206141
241,0.23352617019209188,0.2387552672074973,0.06310597205918311,0.07419990531585485,0.08405949481965846,0.273706710840222,0.10119856520060333,0.10426110294191959,0.08000379910399413,0.22311040603269117
242,0.06304397804797013,0.06556506628630787,0.14339310500621938,0.1348344191741493,0.2011178357022554,0.08199055236201014,0.18675428831922725,0.14563675780048335,0.15625539034377534,0.06243664609944499
243,0.20762710353040204,0.23110227487121415,0.49754517353745964,0.4794045605621595,0.05213869901013668,0.2149314862604088,0.5899000148636602,0.46044727015376363,0.5296007291532328,0.17734096703307944
244,0.6908088560311318,0.7151839885762508,1.216635115273414,1.1501004682885902,1.7850199173006658,0.6734480868649562,1.4670659737815184,1.2608286184749287,1.6002734160815875,0.655069827161614
245,0.06841351481092683,0.06687747683069478,0.24344692346506536,0.2879018559437956,0.4004898157654653,0.0604667301308095,0.365859890207509,0.268779300284518,0.3358625276732341,0.046288643175150135
246,0.44365083261832217,0.4918435952096254,0.6370607570891083,0.6877752110694697,0.11507841340409009,0.45626779766768877,0.8209215774854908,0.7280441285156605,0.8427286766717219,0.4088424548817491
247,1.2666844666959483,1.120737465924401,1.6897073858155736,1.6741221178520567,2.090639553098107,1.2702387846450018,1.859528718429801,1.67044726148618,1.8859393213684505,1.0383927699573743
248,0.058103283430668284,0.06107673910394462,0.16101747470171102,0.18952379965763733,0.24681778102529695,0.07696336507612012,0.19395763711174174,0.18999990959035795,0.2491775998891672,0.06920811328150389
249,2.0067211697848792,2.0855433582782252,2.7473323818343105,2.620076909669996,3.870304248248019,2.062621007534015,3.205634443621859,2.841818292521928,3.2601122431678062,1.5745509761802516
250,0.5085309385859795,0.5624586471579476,0.8077377812460438,0.753546508258979,1.249630839247926,0.614938466365976,0.9086398019779001,0.843524995582567,1.0133298053312938,0.4624493292162306
251,0.31181580088323546,0.3629954450046897,0.8787508870647174,0.8903142806166597,1.2989141883294502,0.3468001155090885,1.131810437719781,0.8407483733764369,1.2390755305994743,0.33546970247090435
252,0.06715315425397161,0.08393586461526636,0.06528710976331764,0.061774981610962065,0.08164586366962112,0.0679669613820213,0.07092619444008719,0.06592985855668809,0.086176667099501,0.07327638972458406
253,0.1358555222102953,0.11938343817395092,0.0444277251159888,0.039557191723216256,0.7623333899494824,0.12756717764170755,0.044623040701328165,0.04449131674479867,0.04182992409624031,0.09365238267861553
254,1.8985041697717309,1.884601054411561,2.4993090056050216,2.500520012266142,3.8228470246461037,1.7580256412692155,2.966555828747368,2.6057971619159384,2.9052861719153613,1.6584995117159007
255,0.3806713632592942,0.42049477493366627,0.08538218176401235,0.07096816380137083,0.7899795145772859,0.4174307531205437,0.70980556606606,0.09027805373405728,0.7397733221924443,0.23524414377551484
256,0.056197952642585314,0.04301856808511095,0.08578484712511347,0.08329647346503677,0.19324538331055274,0.05125476767181292,0.1020455266026401,0.09525738718263543,0.10819598151986343,0.04563791413171092
257,0.13165780382713343,0.14010018415218095,0.3102914514469015,0.2937917209606691,0.3906897870174362,0.19374389049919172,0.3171353852933132,0.31889558963944875,0.32707351606165513,0.12155996861504015
258,0.33848885767962766,0.3617494585294798,0.625743424508642,0.6076447785410828,0.9104884382873153,0.36717732672435766,0.8343399135945879,0.6703084732813829,0.7669814429022548,0.26815965207572035
259,0.2205972684666513,0.23872676912758273,0.4349182246184262,0.42617256598845144,0.4996166893309715,0.20036582825766125,0.48454201526064855,0.4218142014525701,0.48538429301594643,0.1414879808594982
260,1.1463134536664183,1.119560651779913,0.5435608564848797,0.5305541503594058,0.5131892112625938,1.1569419651337753,0.4747463516933368,0.626578276004067,0.4886165388520123,1.0157305565473642
261,0.05787996297040543,0.06496751274954082,0.16346376576890398,0.11503163907317893,0.2943944882943028,0.05913170694448766,0.23625070085288247,0.16210642196875158,0.2221473048769127,0.05198316628748323
262,0.5872004752429731,0.598091199382635,0.974776796197367,0.8950646210889692,1.4634426986628353,0.5577702436988137,1.1806559040822218,1.0109565728838206,1.1412747366034584,0.5682480658720381
263,0.193181024235066,0.1818844881211139,0.036244664358937584,0.032390698691607156,0.05726603486595083,0.2070889192759342,0.03926589935557967,0.03725645086744578,0.03456300083709163,0.14186756941915135
264,0.08375640964556741,0.08960007419418892,0.03368510217575604,0.04355483314122344,0.06747041930715536,0.09271170191384748,0.04022843723284275,0.05179269418810506,0.05497495895327642,0.08144108692418772
265,3.0288889441386075,3.1092687463098416,4.000994162008016,4.052112031907427,5.80781348414369,3.1397117897070212,4.824224640343608,4.056320064388498,4.782571754062971,2.676173324353077
266,0.055099039214126844,0.05542609323911041,0.17125014348836975,0.19372410754567948,0.27729630386885384,0.06660062949979517,0.2516513411414585,0.20104297448224173,0.22904073264257452,0.05245278417719934
267,1.29668375857608,1.339660437176894,0.7471726559269856,0.7238749183940292,0.8020585256842945,1.3774618927495723,0.6823049398221599,0.7377001701824195,0.7345109428446346,1.1025791381132972
268,0.4013671984244911,0.43091393200019334,0.9589228836860055,0.92656104676984,1.5272797028792722,0.40038929032874826,1.3165712959231906,0.9741736170151207,1.262802509985129,0.33629312242170073
269,0.07971833882737789,0.08699661754004229,0.06806450383435969,0.0765809875562935,0.08028019617749926,0.08157528856666163,0.08050707889789965,0.06004915006954903,0.07609446150002075,0.05901035315600378
270,0.08156140051479355,0.08841858023795002,0.21462857511972633,0.22738170359883192,0.32207635746509355,0.09203916654681521,0.23861211427412465,0.18260225189177426,0.22748022535649737,0.09981811619992698
271,1.4044691109790386,1.4183313731189595,1.731204692413062,1.719395492241969,2.4809757523771796,1.5157635846574449,2.116824692268987,1.7314277302278658,2.0204820574837608,1.2234184338843619
272,0.6436528070772907,0.6388600426411788,0.9486818866155282,0.9288107471541283,1.3703769412246185,0.618286308919191,1.13330026436775,0.9738229224314678,1.2563976505597685,0.5343101886331221
273,0.09435947652644971,0.08040263605741993,0.17757231449121758,0.2024894057454416,0.0795054221603122,0.09671631859340568,0.26230579088805506,0.19494377405527663,0.2714141352283259,0.07088340756019917
274,2.0195479974730848,2.1340628985286694,2.497909491181258,2.4528429718132907,3.4015015449933435,1.9861331935992697,2.930313156679895,2.669613635831899,2.989255272649287,1.7206785019571589
275,0.09499951539859053,0.15013553973371074,0.045337370961037404,0.2727639712514218,0.3769872950441675,0.12361063651553517,0.3635972594140684,0.03959525314648671,0.38240638302773,0.11219103988565848
276,0.7926907488387656,0.8150506388486081,0.27202768094675633,0.24936627577049375,0.2847200539810095,0.8292710173872866,0.27522151376563775,0.2972948795707868,0.24335965888684097,0.6230550534070947
277,0.2256531723346762,0.23552475798492178,0.08807539478223392,0.07799253244702076,0.8184060009813079,0.2561969233046697,0.08286086833150375,0.08391661362829828,0.0951510598075096,0.22701760547655514
278,3.134332195426873,3.1937758103120304,4.103422361631987,3.8679954000704697,5.368470973860223,3.1624661001575234,5.121791376816745,4.110240433297117,5.075337856260349,2.7281224363073635
279,1.5081762121296838,1.466667380385608,2.10828388338581,2.050504941567807,2.4644374265546,1.5248449471087078,2.3507254619212534,2.115885799171757,2.3207490976172687,1.293656021984269
280,0.1061873088941514,0.1144712987459644,0.21433929340421498,0.0686856283171533,0.21979323860935818,0.08976870946911841,0.23969956739346054,0.23691469307764335,0.2620635238439748,0.09604172982581538
281,1.1133525806549542,1.0099548592876224,1.5932872079103753,1.561814482810239,1.8103520826678006,1.1706161191173416,1.6629655325741157,1.590849253423675,1.7373060638468525,0.9109029261498378
282,0.5426758878069236,0.556071926168558,0.8721685025065273,0.829237697829095,1.2957317834924842,0.5139729404155648,1.068081918933879,0.8724901385317336,1.079255623434209,0.46760782414672075
283,1.6225627284216042,1.6231474242198116,2.5230204271159344,2.33152841013257,3.4654561552855574,1.5371931515972497,3.0707276960681797,2.509172053953499,3.0558848691356553,1.4261303813433566
284,0.5779013340992067,0.5590178074052035,1.3323469431496138,1.205423155940125,1.7937702079069768,0.6011949968177026,1.6011339272101708,1.3303630981218082,1.5692570699296104,0.4685400514495708
285,0.562406092380153,0.616156280640769,0.21672189787667673,0.24637319991281226,0.22577585994142924,0.5681824350239975,0.25501131068964344,0.28904303734809567,0.2657192856198485,0.4757501796329917
286,0.19854247979043382,0.20921832957322328,0.38645659433040525,0.4262337212700036,0.6562452110431587,0.220889744474567,0.5336102817436679,0.40692912977133,0.5130211678308703,0.16373760552522576
287,0.4438572500416935,0.40766619592221875,0.9757648607942917,0.9282796694560171,1.6969087267652494,0.44937480521155937,1.306010136296992,1.074118733633636,1.3559679671659626,0.3673506055617679
288,0.3218278330218798,0.3573110896993552,0.6479338982238323,0.6309621890565356,0.8198909147598421,0.36381278835686626,0.6583477330186462,0.6144484399345256,0.7147699248166877,0.32632905601977935
289,0.34668292991675065,0.37850601004543094,0.6707198235743936,0.6557426583286361,0.8355064896273574,0.3497036236139661,0.7905763909283965,0.6275186846417768,0.7829854057721315,0.36088639357969576
290,0.14013263389724795,0.1393938335616247,0.05861702180163553,0.05797710741296225,0.09066884993729207,0.14250694808267195,0.07234131944029354,0.05585396213127858,0.07585087037702731,0.1120866011148296
291,1.5781877420204582,1.5980282257721061,2.1095263261318125,2.0747957896101568,3.046597959317827,1.6718780277544862,2.6099686508544213,2.0611355082338925,2.607298279310619,1.3818495018828107
292,0.13678482930816926,0.1679739063368597,0.3002051089973241,0.28492227046088203,0.4282265594385901,0.15635441743122858,0.3305061235913578,0.2422238403172443,0.35659353649315495,0.11101409203197843
293,0.4382723997453626,0.4788527392019999,0.993464906112068,1.0070197578500464,1.2814420339042703,0.45922107728874106,1.0801769410582538,0.9348547349750849,1.1063960818074015,0.39105737877956326
294,0.4322736517396124,0.4871624735105611,0.19301873823027416,1.1123420693267527,0.20674268327939416,0.5099107108546779,0.16494808769234215,0.19080155834868107,0.18804890700138088,0.31645652084732223
295,0.06252988600618803,0.041266838400205064,0.12344093652413468,0.13196780424511312,0.1922118348324422,0.053415786678292054,0.15689297860396367,0.15442860003783299,0.15983985207982299,0.03552249570342347
296,0.7252157171421674,0.6814936151417701,1.1261163074613307,1.1212030141615577,1.6617660687741704,0.7611159265933227,1.434080787337578,1.2802797968173651,1.5227061305791652,0.5266295654272302
297,0.07553752202115316,0.07936764428541832,0.2600391177145922,0.2638806186547211,0.4299946617063881,0.08428315470390713,0.3164449390865718,0.23853234523666433,0.34236990083879393,0.06276464661705461
298,0.46877278397561817,0.477832932983139,0.1353954414521774,0.11661469721979723,0.12321849046436206,0.49891826528062033,0.12366786790318463,0.1381792925504408,0.12447131935889422,0.3404160950565194
299,1.470607711081505,1.5306834568850602,2.2414916112506176,2.1667476461415376,2.7796798386217896,1.4785891698558973,2.568114884886797,2.25541226875629,2.45054161140098,1.3451986281940131
300,0.08093615459923198,0.08951216930212302,0.03841147964833125,0.0692406555594749,0.07590898652175415,0.08721903240827444,0.0655600158182934,0.05578619002072038,0.06100699043553792,0.06833352947667226
301,4.119226648471675,4.072755151107122,5.102971146098005,4.888529779691385,6.668581549887357,4.065757226638736,5.735662874598345,5.213044929943063,6.142757166607564,3.7236052707754794
302,0.12260825775775652,0.1329272025856314,0.28469877408220823,0.25407427319838893,0.34992372491729196,0.15073818168546937,0.3302586980822406,0.3352775749952359,0.33718029737641997,0.11178444328662973
303,0.4529549041590033,0.38333153264897524,1.1405053004389991,1.0718651459010817,1.507202797735932,0.4429251674723158,1.24853740728827,1.0328138214950746,1.2864473534894252,0.4231503096710769
304,0.050041696825277704,0.05241714259736785,0.13130118001869384,0.12484224866879368,0.22734416292547754,0.06020340618574238,0.20086644111525676,0.1685662066197411,0.19163943715923448,0.04927149996766289
305,0.08067909886273972,0.0788761128707165,0.062091853878938785,0.07647613691487276,0.06805980902193554,0.06814582535243296,0.06900121131053183,0.07064656142210346,0.06257423654174676,0.07623204868041533
306,0.8197567481148722,0.7840238835252897,1.352646423002537,1.257976647804612,1.7184217778352782,0.8077185101340794,1.5749383464776843,1.2452061822236589,1.555525901181424,0.539446245000196
307,1.065195809170266,1.1141760477593503,1.6892848426306974,1.5710181719738743,2.31649763425009,1.115267286947208,1.953955840394165,1.6799900486063963,1.9274391009903313,1.000039943333686
308,0.4336425454417925,0.4092266778963367,0.11711004993660046,0.10153361567874741,1.0756357376373606,0.37371358592861803,0.13518155487668437,0.15200277683832564,0.11442795393637839,0.30369987107066443
309,0.9100482156246299,0.9350330077327649,0.43955134071973134,0.3866988416966932,0.4400041933909318,0.9892581217404195,0.3976347043531798,0.3436413845344406,0.35656374928455836,0.8810281941117921
310,0.8816623414127012,0.927883088264216,1.5272732391461386,1.4318420687071818,2.1448446092687474,0.9118449710610661,1.828902236715514,1.6024236346937348,1.7828039453097997,0.7741776825295252
311,0.88796399645125,0.8918577117760562,1.6083236870182978,1.5230631917894693,2.0102296464260903,0.9345207103953759,1.8704979839978844,1.557205265126154,1.828090610268029,0.7984304995534588
312,0.5446967595051895,0.63935231986967,0.9503379991943213,0.8564909026126006,1.371220729851426,0.552219517717782,1.2161703565833655,0.940770339568548,1.1269909711959434,0.42524375410400594
313,1.2295813218437317,1.3634423964000923,1.8022082853490358,1.6802380079046841,2.5701632664128122,1.3671570513623736,2.2283395481564305,1.8477975070393282,2.2708860100516337,1.02485395869099
314,0.6131212050916948,0.5925115081372314,0.20893449637655914,0.22183366008843963,0.2613222297029343,0.6103163581950826,0.23483332111201438,0.22967584315146983,0.2064697459613325,0.47138168457830254
315,0.3553303520847826,0.33817076453490325,0.5060623916787401,0.4906877968714216,0.5596033656141799,0.32076540720639013,0.5715386411045369,0.5013987166305194,0.5937788167357043,0.30445136900175296
316,1.0832419787505074,1.0599878636890874,1.34796608028471,1.3104096331503703,2.0042892279916664,1.0431360401076164,1.685361867861499,1.4563109752253904,1.6710490500575914,0.8757285903245631
317,0.19186636274849445,0.18778603920779258,0.40080464997657295,0.4069252112621933,0.6248626735884386,0.21423218642010333,0.45414051860203575,0.402066220491919,0.5168418762152518,0.161396467765468
318,0.7542834281499005,0.8455545632618904,1.047634069200103,1.0825119088474864,1.347912670759186,0.6719234466939144,1.1785037147136381,1.1344321968836653,1.266975614499164,0.5630611813540769
319,0.12587844795397585,0.16960342682612062,0.06083329512006941,0.5019733361357877,0.07015856709491342,0.1612155256692036,0.07169048629622754,0.06176466938580116,0.052937434309288545,0.14273866122614542
320,0.07383587516746992,0.080483083318581,0.06916304789602945,0.16620834103466287,0.22819776672126935,0.08916987636543094,0.19194606025464367,0.0659806136940313,0.17057281340817276,0.06350403841185592
321,0.0845927143422247,0.07593298064729082,0.334842773683548,0.03886196043645285,0.07056673902152122,0.073106496414034,0.3488146514416366,0.28713723292937887,0.059356858013568825,0.08508657973220846
322,1.1153021489980794,1.1891412503349814,0.6655353576817018,0.5988537647388776,0.6854802734412138,1.22391978915066,0.6190758904220313,0.6543467355652295,0.5845652137000363,0.9369767977947561
323,0.08560230091037058,0.0870434245451368,0.36780018669113623,0.3703253014644563,0.5177091588856215,0.09256044623972581,0.46321277167292596,0.37464312325660787,0.5026380405407957,0.07496732053042443
324,0.08301414287560771,0.07618860698674856,0.14855989161355065,0.15299116152405112,0.2737711676248282,0.06693961065480991,0.22992148720612304,0.18103148356509857,0.2184841144744034,0.04742940078460389
325,0.27650453638406436,0.307786602224529,0.052382747620375536,0.04829206642441264,0.06716102741870289,0.3129998495892732,0.0446074039297355,0.050589259776400386,0.053084312951328094,0.24947079704531028
326,1.0200666430277199,1.0195628809866322,1.5094914811331845,1.3462724130981103,2.2414473899214755,1.0558996271293828,1.8441225820332097,1.4216297883961149,1.8470864370748998,0.8850384631815302
327,0.4149051482232977,0.404955375982051,0.7445941972205041,0.7262903065241955,1.1045618262038612,0.46313955265650497,0.9518012105654381,0.8104197855694477,0.8975839992468622,0.3578607976538146
328,1.742332726062838,1.6510391439364382,2.4471621355841786,2.212103859008035,3.0062305033788483,1.7944104878170064,2.717901227335335,2.467583523784301,2.7509304744246177,1.5672801255042765
329,0.7464354336082155,0.6834743251246103,1.152634069057421,1.0710811838265597,1.7855610527566643,0.7554759685600678,1.4421728906076474,1.032345755647457,1.5073066041651102,0.6461895098969181
330,0.44868180557547843,0.44354726383395526,0.8065419447400957,0.7464545279252679,1.016734254772449,0.471808278649541,0.8791991408760782,0.7020189628128217,0.839454538890529,0.43132858784299
331,1.135766361416422,1.2767342747327257,0.49596493773773975,1.594142747122031,0.6160155465224495,1.2091827294288864,0.5638314808198515,0.5414931669229852,0.5681425560996631,1.0808140809646423
332,0.560628237685477,0.5803473590496573,0.8035960841773164,0.7718464921685335,0.14992617233869066,0.5097840662555471,0.9325084101069852,0.7369393429525388,0.95168960917972,0.5390584889061119
333,0.3959249570073098,0.3482401024824915,0.6484511402509265,0.6050887645951777,0.0891228511203579,0.4625544928240721,0.07488646125287346,0.6845876244906068,0.7120036829734784,0.27008083921346593
334,0.9749145131268748,0.9710027301377773,1.4983491789008063,1.478001825992469,2.088965400784235,0.9664959918619438,1.813741882729965,1.5213195601184428,1.8673122066242622,0.8130272001467223
335,0.40158404700737327,0.3419847824496509,0.8608778581722056,0.8014662840963451,1.3461768729938575,0.3200736604924428,1.0708177543157777,0.9292626078852875,1.1769696881280698,0.2901110483830003
336,0.187204991390729,0.22517323759543872,0.05251149672780242,0.35290745555030245,0.06518814253489547,0.21542812821378776,0.06077096123532044,0.052982771370680304,0.0532023327611304,0.1759191569760219
337,0.10815066374784399,0.09778039508686032,0.03052164406015434,0.2653868993567654,0.43707370760173614,0.12286885549813853,0.3393574657733689,0.038686538339180565,0.3395106209015486,0.07183127397011724
338,0.8413718951854952,0.7833302053742925,1.2102191030912834,1.0736060040168036,1.8174649404863805,0.8607966359116492,1.5767215105670003,1.2029439707896072,1.625636093910162,0.5565514746768008
339,0.13025337498622624,0.16448646074848217,0.36377658949765657,0.3660333329712464,0.48184950963913264,0.13513152059657862,0.44479901662671484,0.3244134393742528,0.4873922950845895,0.13856871603074428
340,0.6335195090296093,0.749319872340581,0.9769107948094264,0.9936966335247996,1.2536991832805375,0.6330020342622138,1.1423938017544049,1.035803876453051,1.0591876594376846,0.6494155106156247
341,0.10874598602661933,0.07286940103904715,0.07814163074672953,0.06736460529110477,0.23195615151174565,0.10747568586017042,0.10353930004688783,0.07517048067206877,0.07881351760862598,0.06499979710846926
342,0.09220473785542627,0.09665850025284106,0.2928326381159301,0.2203047195297274,0.37523997455982716,0.06977056022770567,0.36348592874569263,0.2789609875978325,0.2778817084225036,0.11050400445853725
343,0.3434117903890521,0.35590393990797287,0.6771215757285596,0.5821588973806153,0.9358202789544601,0.352729905611489,0.7726981981197056,0.6238455890285142,0.810720840045418,0.28467557907802554
344,1.967354869103879,1.9310639620311676,2.6454224807673814,2.5632873735916846,3.4452503109013835,1.9354736710221938,3.3566612253351424,2.7340328824016247,3.539097606168122,1.7655365728326098
345,0.258614801236019,0.2732139299277079,0.4814999191735878,0.46381130811870364,0.6177485138726668,0.2945731162413425,0.6372530460489312,0.4478035742351807,0.5683625241148507,0.22357336212924395
346,1.4473422772707472,1.5492863290497154,2.1303244218183908,1.8968055290610266,2.6693434761057984,1.5461937478098529,2.351727572644707,1.9915410639168591,2.3106589865593827,1.305049493373045
347,0.39946040511811187,0.30606266263705706,0.584467683080446,0.5441722234665844,0.7628922186263112,0.3266820205859382,0.7122736932113534,0.5793835315534932,0.678745087780273,0.27304849070359793
348,0.9648318629202821,1.0380580522403302,1.9147160468324933,1.6809851216109104,2.7885542344895105,1.0191428153415556,2.5114599579804215,1.809317486620024,2.5241460484680145,0.7828856954300987
349,0.0877587372339943,0.14172702872030296,0.27500159942471036,0.2777851038555146,0.3877510281904448,0.1076879074788093,0.29798616764118613,0.22515581369805782,0.3140241177704195,0.07628611352839254
350,0.13395128485668018,0.10863487756643986,0.033371643713846044,0.04494737856509756,0.05956101259086699,0.10835511313528912,0.04493460867770338,0.039592328460364534,0.0428263701233389,0.07506895608229502
351,0.10762475395489668,0.12174008837245331,0.2492352600818375,0.30683615308425427,0.423212988260115,0.13724779134044107,0.339715998900437,0.3212863074498955,0.37377245786517266,0.09109528835085534
352,0.08784896205161763,0.1376239880598633,0.24391732299327407,0.2215622112331177,0.31675523797097105,0.10755154613473383,0.26912469524091565,0.23124185248823848,0.240026417649029,0.09282685818146597
353,0.06990931106672571,0.050725384501673965,0.23782713059905847,0.19695301490304207,0.3479955534050019,0.06977486882549133,0.27996204450663864,0.23393883945412153,0.30190210930773675,0.0637480658950107
354,0.07366014630361706,0.08539423694531623,0.05386479308604075,0.05220882615148348,0.08489850369776253,0.10028395504018839,0.057712905242833124,0.04645213376274615,0.05495475402089456,0.06304504383900511
355,0.05921723666906464,0.06347119017563418,0.07698932294678507,0.16179082919157484,0.13425608627184538,0.06827020201035428,0.07769517431411366,0.05997193937589618,0.10739012291018835,0.044937122083282155
356,0.23276834167112526,0.24348618491371532,0.453091578643567,0.3422327133247043,0.6090380507881799,0.26689709547248874,0.5084007217212054,0.47447754293843714,0.48695506052594295,0.2327388826645862
357,0.07146700854206678,0.08328129064289147,0.16894808825675334,0.17304144864888205,0.3064248576483526,0.08315305939354722,0.2817255092815385,0.1674401873759903,0.32765111509962086,0.062086434641260624
358,0.23837354573693226,0.201854034448405,0.40443773752104395,0.34695085580462326,0.4711044215420275,0.179858630410076,0.4640411780100111,0.4215310230963545,0.4827857435691252,0.1729002415242391
359,0.39659657988186314,0.41703475090365183,0.5542750838916435,0.6023436291717079,0.8253639648507831,0.43481895732737774,0.7058111715690258,0.5807819289455374,0.7311356949988062,0.3209511770322422
360,0.1038132750904679,0.11291059030340334,0.253588481826847,0.2366639353378126,0.32976528717467346,0.10866635073259623,0.33423150030713655,0.2156025247172213,0.30936595180101145,0.08107210806111098
361,1.6693996826266435,1.8268276150595728,2.226206301735308,2.064047324740901,2.891518546427121,1.7001968936770933,2.545270963546769,2.1935144589227837,2.6120135506315805,1.3069010378626702
362,0.7562484017776301,0.8432630216135015,1.3316310297032259,1.3588924404880935,1.827371623610686,0.9027651308164648,1.554631366355674,1.2902087351333078,1.7171958234049054,0.6301895789512582
363,0.960569545330757,0.9853478331440897,0.4578538434036816,0.3972081643876191,2.1323779377010306,0.9158635365334895,1.840797413695272,0.45808259867522905,0.41452378804184864,0.759567883202009
364,0.13046076026332987,0.13638048435214678,0.23594900893573323,0.24186113362231243,0.3452250579573044,0.140523781325272,0.2889994033037375,0.26518747155915934,0.29393321753034396,0.08720514499691134
365,0.0922105138324798,0.09253988531696278,0.24509336934950943,0.25360854009862965,0.3562160210329255,0.07607039479179178,0.2783855886182325,0.23887739806187946,0.30111301334756657,0.07836023971867245
366,0.28598060584980933,0.2680989936548954,0.05676499964327553,0.05163918680762869,0.060883898645149426,0.2410502887952326,0.05258065545481916,0.04074129927526826,0.057095227451671615,0.249739758826367
367,0.3290567247028493,0.2629568298897298,0.8199744427920712,0.6883631529389933,1.1092847785550113,0.2958732579893071,0.9228343385858073,0.8496310685967292,0.9826983602966162,0.2523269543084501
368,1.0897132527901077,1.0988960695341747,0.5032477400744964,0.5541034684144148,0.5303103805413811,1.110943985719262,0.5166157536670237,0.5891404859723344,0.5662569522126981,0.8545507096269347
369,0.8077335223460951,0.876628063812559,0.28581813477864815,0.2631867739335805,0.3019376333761947,0.9061536296998143,0.31910680975636785,0.2762525584673683,0.2704768312309591,0.6443527838616108
370,1.0493049136753263,0.9174899783766737,1.4616511018379175,1.334792299589549,1.9160808876626416,1.0388782978258089,1.7311060351795304,1.4366237659083758,1.7434403824086826,0.8295063416981767
371,0.10915419891111666,0.12236210325623365,0.3806150092901035,0.361640527308265,0.5440747695163859,0.10122564209200613,0.4539668330121627,0.34846106269877053,0.40435083354155843,0.06066000121644155
372,0.05098098007572904,0.05660235930754576,0.09668733828930653,0.11754510107451654,0.17760717804784898,0.056592235519330014,0.13640143541862315,0.09715074241852806,0.13770390807229527,0.034169077412940396
373,0.1745697835345017,0.19393768630064967,0.5344105246854394,0.48303032039453564,0.8309998168013317,0.16469153773363887,0.7247265272404895,0.5576690750916171,0.6991796290621082,0.12565162277214537
374,0.07055872332237678,0.08799884109950407,0.1080331319286576,0.08789109862380418,0.10373258270034791,0.06973668546505563,0.08127052135920998,0.10545106982138908,0.09706640505263131,0.08286288762257676
375,0.26900978965773303,0.26950745467678594,0.061205097919478035,0.052832421692450726,0.08698585509456613,0.26816157858045386,0.05091991018459119,0.0646491519057153,0.07222784302944385,0.2337361594978722
376,0.8255951785201363,0.7715620646244226,1.0563240178377598,0.9495015753081031,1.471243810187652,0.8091379977682873,1.1817656891465855,1.019272225898825,1.3127983395445737,0.6766340519636884
377,0.10988497496412597,0.10793486740621949,0.0506223956859313,0.04058562693483969,0.0711976288124827,0.09257346669257727,0.05244862666254857,0.06297312206746364,0.05511928192699456,0.08779187581805736
378,0.5262438887723886,0.5156553159262818,0.14452656436241096,0.13723722499051494,0.18579862622048493,0.5232102623845933,0.1445908782638483,0.13840890741145184,0.16346677096563766,0.5053423947451137
379,0.5916732785660379,0.6303484014514256,0.9081697127351891,0.9016607677794855,1.2841154747040608,0.6456515260143014,1.0152762702972318,0.9200921149575927,1.0094758780717275,0.5450272288174958
380,0.06055149949732286,0.057398084640290836,0.0744037684746166,0.0838262976652362,0.10205474065900866,0.06576204787021922,0.09976682663767455,0.085354019185516,0.09184913827714336,0.0448832926174072
381,0.3996335463252789,0.4122890542202322,0.09504850225798034,0.1284172744650709,0.1211970294461584,0.41185244729883763,0.06766470363330024,0.08459073749125379,0.08245245693746162,0.3512681670282687
382,1.4672721562030837,1.5176345623223835,1.9967295257119888,1.9476954645079543,2.5712301175445114,1.506218119557952,2.2762358691787177,1.9153476375827232,2.233657109833502,1.262696485398398
383,1.2147014361389559,1.317919631237995,1.5904379872058945,1.6571216883860127,2.2259039869890715,1.222189832123063,1.8926466790250505,1.5581911128278394,2.0593124821440427,1.1990179892154043
384,0.22095745992765403,0.23828974555318583,0.47066134635154944,0.41644251699019375,0.6516166352551163,0.23632015985766897,0.5759926572041669,0.47365378344278186,0.5905985918340351,0.19157514325208425
385,0.07409348776911528,0.07801628887816836,0.03507426143834813,0.04850882124515943,0.0863311732811538,0.08414264880031475,0.0622627659688928,0.05550176927223838,0.07064723819664298,0.06068420000476582
386,0.04830315141949226,0.055838060601945294,0.08421449111216717,0.07452803886939385,0.13510238045201373,0.05105793712894302,0.10531075236311427,0.06745225247871645,0.11899398612699263,0.052645159389181906
387,1.1723130377607092,1.1451974818552744,1.7668867699008892,1.5409739832183407,2.463779318610302,1.1069544591507663,1.9750452786992163,1.5524975952859812,2.063600509159886,0.8952541576796005
388,0.5286174856307171,0.6378735109956493,1.0191346543915771,0.9421555670977737,1.3685834393436203,0.5426054423698417,1.2268646526982794,0.9810342526396902,1.1770582496306474,0.4503449518327196
389,1.841961458713317,1.9125934538363403,2.4277756522240934,2.5285059616683494,3.2367805780129917,1.9531250350134428,2.816244671340019,2.497076570708527,2.959729333878826,1.6075375490895931
390,0.14802596996004436,0.17410946993569132,0.0630492735045034,0.04394771946078713,0.07508318282005,0.13612439253641773,0.06461231878074081,0.048276537867425695,0.060699769503563594,0.1359463368666205
391,1.5057919064832017,1.5046013190284695,2.275514563106028,2.130836351903427,2.9911215288703628,1.5622706515744262,2.6781071350045833,2.2460774712497145,2.743118679651891,1.2930284561514451
392,0.06644292396548312,0.05983215991202284,0.10904522421526419,0.10631516809616626,0.19620574584840034,0.06480947751554789,0.1317259595921696,0.10859019519932511,0.14559713230260174,0.04071037300985125
393,1.7011796795645608,1.7377142693238201,2.698948819536355,2.385053894193099,3.887278102093573,1.7685039666343716,3.2557455185756448,2.739770253253221,3.4217714022132575,1.403348298645156
394,0.07710679966036516,0.07996417531485278,0.2039779691893191,0.22928905853672887,0.31378794852267333,0.07853057186074874,0.28968490833807303,0.23671726205223642,0.2454170496771022,0.04764454167145615
395,0.738887818245809,0.7586818578553944,1.3084792724640257,1.294912072587488,1.8837373457505753,0.7689501798425411,1.531801028102858,1.352497696373682,1.6502059315400355,0.6522217515008553
396,0.05306148267349542,0.04479093439951054,0.12022547518696669,0.09942544625001393,0.19601892266884668,0.043902580749072495,0.16005137051162244,0.13211114157325632,0.17567542380665513,0.04000973633457505
397,0.2659139389812144,0.2837988593058389,0.08553750017121775,0.07426640603127277,0.09496315023571489,0.2671776965400605,0.08662039442616631,0.06014160138466629,0.06991589607225634,0.24649240622530755
398,0.29997742037160036,0.32592660227063774,0.07843249470028546,0.05988801398633914,0.6912407293523928,0.2830601602552245,0.5791329529936027,0.0711179857113673,0.5928790733333256,0.24427453902550944
399,0.8342467093918078,0.9969450576740932,1.1919370153193238,1.3287166334477813,1.628536067904605,0.8665897435712218,1.4240282883794118,1.1966573585281424,1.3583361125406457,0.700914826859151
